﻿<?xml version="1.0" standalone="yes"?>
<NewDataSet>
  <Table>
    <ProductID>1</ProductID>
    <ProductName>Chai</ProductName>
    <UnitPrice>18</UnitPrice>
  </Table>
  <Table>
    <ProductID>2</ProductID>
    <ProductName>Chang</ProductName>
    <UnitPrice>19</UnitPrice>
  </Table>
  <Table>
    <ProductID>3</ProductID>
    <ProductName>Aniseed Syrup</ProductName>
    <UnitPrice>10</UnitPrice>
  </Table>
  <Table>
    <ProductID>4</ProductID>
    <ProductName>Chef Anton's Cajun Seasoning</ProductName>
    <UnitPrice>22</UnitPrice>
  </Table>
  <Table>
    <ProductID>5</ProductID>
    <ProductName>Chef Anton's Gumbo Mix</ProductName>
    <UnitPrice>21.35</UnitPrice>
  </Table>
  <Table>
    <ProductID>6</ProductID>
    <ProductName>Grandma's Boysenberry Spread</ProductName>
    <UnitPrice>25</UnitPrice>
  </Table>
  <Table>
    <ProductID>7</ProductID>
    <ProductName>Uncle Bob's Organic Dried Pears</ProductName>
    <UnitPrice>30</UnitPrice>
  </Table>
  <Table>
    <ProductID>8</ProductID>
    <ProductName>Northwoods Cranberry Sauce</ProductName>
    <UnitPrice>40</UnitPrice>
  </Table>
  <Table>
    <ProductID>9</ProductID>
    <ProductName>Mishi Kobe Niku</ProductName>
    <UnitPrice>97</UnitPrice>
  </Table>
  <Table>
    <ProductID>10</ProductID>
    <ProductName>Ikura</ProductName>
    <UnitPrice>31</UnitPrice>
  </Table>
  <Table>
    <ProductID>11</ProductID>
    <ProductName>Queso Cabrales</ProductName>
    <UnitPrice>21</UnitPrice>
  </Table>
  <Table>
    <ProductID>12</ProductID>
    <ProductName>Queso Manchego La Pastora</ProductName>
    <UnitPrice>38</UnitPrice>
  </Table>
  <Table>
    <ProductID>13</ProductID>
    <ProductName>Konbu</ProductName>
    <UnitPrice>6</UnitPrice>
  </Table>
  <Table>
    <ProductID>14</ProductID>
    <ProductName>Tofu</ProductName>
    <UnitPrice>23.25</UnitPrice>
  </Table>
  <Table>
    <ProductID>15</ProductID>
    <ProductName>Genen Shouyu</ProductName>
    <UnitPrice>15.5</UnitPrice>
  </Table>
  <Table>
    <ProductID>16</ProductID>
    <ProductName>Pavlova</ProductName>
    <UnitPrice>17.45</UnitPrice>
  </Table>
  <Table>
    <ProductID>17</ProductID>
    <ProductName>Alice Mutton</ProductName>
    <UnitPrice>39</UnitPrice>
  </Table>
  <Table>
    <ProductID>18</ProductID>
    <ProductName>Carnarvon Tigers</ProductName>
    <UnitPrice>62.5</UnitPrice>
  </Table>
  <Table>
    <ProductID>19</ProductID>
    <ProductName>Teatime Chocolate Biscuits</ProductName>
    <UnitPrice>9.2</UnitPrice>
  </Table>
  <Table>
    <ProductID>20</ProductID>
    <ProductName>Sir Rodney's Marmalade</ProductName>
    <UnitPrice>81</UnitPrice>
  </Table>
  <Table>
    <ProductID>21</ProductID>
    <ProductName>Sir Rodney's Scones</ProductName>
    <UnitPrice>10</UnitPrice>
  </Table>
  <Table>
    <ProductID>22</ProductID>
    <ProductName>Gustaf's Knäckebröd</ProductName>
    <UnitPrice>21</UnitPrice>
  </Table>
  <Table>
    <ProductID>23</ProductID>
    <ProductName>Tunnbröd</ProductName>
    <UnitPrice>9</UnitPrice>
  </Table>
  <Table>
    <ProductID>24</ProductID>
    <ProductName>Guaraná Fantástica</ProductName>
    <UnitPrice>4.5</UnitPrice>
  </Table>
  <Table>
    <ProductID>25</ProductID>
    <ProductName>NuNuCa Nuß-Nougat-Creme</ProductName>
    <UnitPrice>14</UnitPrice>
  </Table>
  <Table>
    <ProductID>26</ProductID>
    <ProductName>Gumbär Gummibärchen</ProductName>
    <UnitPrice>31.23</UnitPrice>
  </Table>
  <Table>
    <ProductID>27</ProductID>
    <ProductName>Schoggi Schokolade</ProductName>
    <UnitPrice>43.9</UnitPrice>
  </Table>
  <Table>
    <ProductID>28</ProductID>
    <ProductName>Rössle Sauerkraut</ProductName>
    <UnitPrice>45.6</UnitPrice>
  </Table>
  <Table>
    <ProductID>29</ProductID>
    <ProductName>Thüringer Rostbratwurst</ProductName>
    <UnitPrice>123.79</UnitPrice>
  </Table>
  <Table>
    <ProductID>30</ProductID>
    <ProductName>Nord-Ost Matjeshering</ProductName>
    <UnitPrice>25.89</UnitPrice>
  </Table>
  <Table>
    <ProductID>31</ProductID>
    <ProductName>Gorgonzola Telino</ProductName>
    <UnitPrice>12.5</UnitPrice>
  </Table>
  <Table>
    <ProductID>32</ProductID>
    <ProductName>Mascarpone Fabioli</ProductName>
    <UnitPrice>32</UnitPrice>
  </Table>
  <Table>
    <ProductID>33</ProductID>
    <ProductName>Geitost</ProductName>
    <UnitPrice>2.5</UnitPrice>
  </Table>
  <Table>
    <ProductID>34</ProductID>
    <ProductName>Sasquatch Ale</ProductName>
    <UnitPrice>14</UnitPrice>
  </Table>
  <Table>
    <ProductID>35</ProductID>
    <ProductName>Steeleye Stout</ProductName>
    <UnitPrice>18</UnitPrice>
  </Table>
  <Table>
    <ProductID>36</ProductID>
    <ProductName>Inlagd Sill</ProductName>
    <UnitPrice>19</UnitPrice>
  </Table>
  <Table>
    <ProductID>37</ProductID>
    <ProductName>Gravad lax</ProductName>
    <UnitPrice>26</UnitPrice>
  </Table>
  <Table>
    <ProductID>38</ProductID>
    <ProductName>Côte de Blaye</ProductName>
    <UnitPrice>263.5</UnitPrice>
  </Table>
  <Table>
    <ProductID>39</ProductID>
    <ProductName>Chartreuse verte</ProductName>
    <UnitPrice>18</UnitPrice>
  </Table>
  <Table>
    <ProductID>40</ProductID>
    <ProductName>Boston Crab Meat</ProductName>
    <UnitPrice>18.4</UnitPrice>
  </Table>
  <Table>
    <ProductID>41</ProductID>
    <ProductName>Jack's New England Clam Chowder</ProductName>
    <UnitPrice>9.65</UnitPrice>
  </Table>
  <Table>
    <ProductID>42</ProductID>
    <ProductName>Singaporean Hokkien Fried Mee</ProductName>
    <UnitPrice>14</UnitPrice>
  </Table>
  <Table>
    <ProductID>43</ProductID>
    <ProductName>Ipoh Coffee</ProductName>
    <UnitPrice>46</UnitPrice>
  </Table>
  <Table>
    <ProductID>44</ProductID>
    <ProductName>Gula Malacca</ProductName>
    <UnitPrice>19.45</UnitPrice>
  </Table>
  <Table>
    <ProductID>45</ProductID>
    <ProductName>Rogede sild</ProductName>
    <UnitPrice>9.5</UnitPrice>
  </Table>
  <Table>
    <ProductID>46</ProductID>
    <ProductName>Spegesild</ProductName>
    <UnitPrice>12</UnitPrice>
  </Table>
  <Table>
    <ProductID>47</ProductID>
    <ProductName>Zaanse koeken</ProductName>
    <UnitPrice>9.5</UnitPrice>
  </Table>
  <Table>
    <ProductID>48</ProductID>
    <ProductName>Chocolade</ProductName>
    <UnitPrice>12.75</UnitPrice>
  </Table>
  <Table>
    <ProductID>49</ProductID>
    <ProductName>Maxilaku</ProductName>
    <UnitPrice>20</UnitPrice>
  </Table>
  <Table>
    <ProductID>50</ProductID>
    <ProductName>Valkoinen suklaa</ProductName>
    <UnitPrice>16.25</UnitPrice>
  </Table>
  <Table>
    <ProductID>51</ProductID>
    <ProductName>Manjimup Dried Apples</ProductName>
    <UnitPrice>53</UnitPrice>
  </Table>
  <Table>
    <ProductID>52</ProductID>
    <ProductName>Filo Mix</ProductName>
    <UnitPrice>7</UnitPrice>
  </Table>
  <Table>
    <ProductID>53</ProductID>
    <ProductName>Perth Pasties</ProductName>
    <UnitPrice>32.8</UnitPrice>
  </Table>
  <Table>
    <ProductID>54</ProductID>
    <ProductName>Tourtière</ProductName>
    <UnitPrice>7.45</UnitPrice>
  </Table>
  <Table>
    <ProductID>55</ProductID>
    <ProductName>Pâté chinois</ProductName>
    <UnitPrice>24</UnitPrice>
  </Table>
  <Table>
    <ProductID>56</ProductID>
    <ProductName>Gnocchi di nonna Alice</ProductName>
    <UnitPrice>38</UnitPrice>
  </Table>
  <Table>
    <ProductID>57</ProductID>
    <ProductName>Ravioli Angelo</ProductName>
    <UnitPrice>19.5</UnitPrice>
  </Table>
  <Table>
    <ProductID>58</ProductID>
    <ProductName>Escargots de Bourgogne</ProductName>
    <UnitPrice>13.25</UnitPrice>
  </Table>
  <Table>
    <ProductID>59</ProductID>
    <ProductName>Raclette Courdavault</ProductName>
    <UnitPrice>55</UnitPrice>
  </Table>
  <Table>
    <ProductID>60</ProductID>
    <ProductName>Camembert Pierrot</ProductName>
    <UnitPrice>34</UnitPrice>
  </Table>
  <Table>
    <ProductID>61</ProductID>
    <ProductName>Sirop d'érable</ProductName>
    <UnitPrice>28.5</UnitPrice>
  </Table>
  <Table>
    <ProductID>62</ProductID>
    <ProductName>Tarte au sucre</ProductName>
    <UnitPrice>49.3</UnitPrice>
  </Table>
  <Table>
    <ProductID>63</ProductID>
    <ProductName>Vegie-spread</ProductName>
    <UnitPrice>43.9</UnitPrice>
  </Table>
  <Table>
    <ProductID>64</ProductID>
    <ProductName>Wimmers gute Semmelknödel</ProductName>
    <UnitPrice>33.25</UnitPrice>
  </Table>
  <Table>
    <ProductID>65</ProductID>
    <ProductName>Louisiana Fiery Hot Pepper Sauce</ProductName>
    <UnitPrice>21.05</UnitPrice>
  </Table>
  <Table>
    <ProductID>66</ProductID>
    <ProductName>Louisiana Hot Spiced Okra</ProductName>
    <UnitPrice>17</UnitPrice>
  </Table>
  <Table>
    <ProductID>67</ProductID>
    <ProductName>Laughing Lumberjack Lager</ProductName>
    <UnitPrice>14</UnitPrice>
  </Table>
  <Table>
    <ProductID>68</ProductID>
    <ProductName>Scottish Longbreads</ProductName>
    <UnitPrice>12.5</UnitPrice>
  </Table>
  <Table>
    <ProductID>69</ProductID>
    <ProductName>Gudbrandsdalsost</ProductName>
    <UnitPrice>36</UnitPrice>
  </Table>
  <Table>
    <ProductID>70</ProductID>
    <ProductName>Outback Lager</ProductName>
    <UnitPrice>15</UnitPrice>
  </Table>
  <Table>
    <ProductID>71</ProductID>
    <ProductName>Flotemysost</ProductName>
    <UnitPrice>21.5</UnitPrice>
  </Table>
  <Table>
    <ProductID>72</ProductID>
    <ProductName>Mozzarella di Giovanni</ProductName>
    <UnitPrice>34.8</UnitPrice>
  </Table>
  <Table>
    <ProductID>73</ProductID>
    <ProductName>Röd Kaviar</ProductName>
    <UnitPrice>15</UnitPrice>
  </Table>
  <Table>
    <ProductID>74</ProductID>
    <ProductName>Longlife Tofu</ProductName>
    <UnitPrice>10</UnitPrice>
  </Table>
  <Table>
    <ProductID>75</ProductID>
    <ProductName>Rhönbräu Klosterbier</ProductName>
    <UnitPrice>7.75</UnitPrice>
  </Table>
  <Table>
    <ProductID>76</ProductID>
    <ProductName>Lakkalikööri</ProductName>
    <UnitPrice>18</UnitPrice>
  </Table>
  <Table>
    <ProductID>77</ProductID>
    <ProductName>Original Frankfurter grüne Soße</ProductName>
    <UnitPrice>13</UnitPrice>
  </Table>
</NewDataSet>