﻿<?xml version="1.0" standalone="yes"?>
<NewDataSet>
  <Table>
    <Currency>BEF</Currency>
    <Description>Belgium Francs</Description>
  </Table>
  <Table>
    <Currency>DEM</Currency>
    <Description>Germany Deutsche Marks</Description>
  </Table>
  <Table>
    <Currency>ESP</Currency>
    <Description>Spain Pesetas</Description>
  </Table>
  <Table>
    <Currency>FRF</Currency>
    <Description>France Francs</Description>
  </Table>
  <Table>
    <Currency>IEP</Currency>
    <Description>Ireland Pounds</Description>
  </Table>
  <Table>
    <Currency>ITL</Currency>
    <Description>Italy Lire</Description>
  </Table>
  <Table>
    <Currency>LUF</Currency>
    <Description>Luxembourg Francs</Description>
  </Table>
  <Table>
    <Currency>NLG</Currency>
    <Description>Holland (Netherlands) Guilders</Description>
  </Table>
  <Table>
    <Currency>AUS</Currency>
    <Description>Austria Shillings</Description>
  </Table>
  <Table>
    <Currency>PTE</Currency>
    <Description>Portugal Escudos</Description>
  </Table>
  <Table>
    <Currency>FIM</Currency>
    <Description>Finland Markkaa</Description>
  </Table>
  <Table>
    <Currency>GRD</Currency>
    <Description>Greece Drachmae</Description>
  </Table>
</NewDataSet>